
-------------------------- 3）信息模型表初始化数据，包括信息类型、信息栏目对应表、新闻信息、引用信息、片断信息、链接信息、图片信息、服务信息、SQL查询信息、及相互关系------------------------------

--##tb_wsm_info_news
insert into tb_wsm_info_news (INFOID, TITLE, SUBTILE, INTRODUCTION, KEYWORD, CONTENTS, DRAFTOR, CREATETIME, MODIFIER, MODIFYTIME, APPROVER, APPROVETIME, ISVALIDATE, INDEXPIC)
values (3, '{$mydbc.system.init.info_0001#}', '', '{$mydbc.system.init.info_0001#}{$mydbc.system.init.info_0001#}', '', '{$mydbc.system.init.info_0007#}', '2', '2016-06-08', '', '', '', '', '', '');

insert into tb_wsm_info_news (INFOID, TITLE, SUBTILE, INTRODUCTION, KEYWORD, CONTENTS, DRAFTOR, CREATETIME, MODIFIER, MODIFYTIME, APPROVER, APPROVETIME, ISVALIDATE, INDEXPIC)
values (1, '{$mydbc.system.init.info_0002#}', '', '{$mydbc.system.init.info_0002#}', '', '{$mydbc.system.init.info_0007#}', '2', '2016-06-08', '', '', '', '', '', '');

insert into tb_wsm_info_news (INFOID, TITLE, SUBTILE, INTRODUCTION, KEYWORD, CONTENTS, DRAFTOR, CREATETIME, MODIFIER, MODIFYTIME, APPROVER, APPROVETIME, ISVALIDATE, INDEXPIC)
values (35, '{$mydbc.system.init.info_0003#}', '', '{$mydbc.system.init.info_0003#}{$mydbc.system.init.info_0003#}', '', '{$mydbc.system.init.info_0007#}', '2', '2016-06-14', '', '', '', '', '', '');

insert into tb_wsm_info_news (INFOID, TITLE, SUBTILE, INTRODUCTION, KEYWORD, CONTENTS, DRAFTOR, CREATETIME, MODIFIER, MODIFYTIME, APPROVER, APPROVETIME, ISVALIDATE, INDEXPIC)
values (36, '{$mydbc.system.init.info_0003#}', '', '{$mydbc.system.init.info_0003#}{$mydbc.system.init.info_0003#}', '', '{$mydbc.system.init.info_0007#}', '2', '2016-06-14', '', '', '', '', '', '');

insert into tb_wsm_info_news (INFOID, TITLE, SUBTILE, INTRODUCTION, KEYWORD, CONTENTS, DRAFTOR, CREATETIME, MODIFIER, MODIFYTIME, APPROVER, APPROVETIME, ISVALIDATE, INDEXPIC)
values (4, '{$mydbc.system.init.info_0004#}', '', '{$mydbc.system.init.info_0004#}', '', '{$mydbc.system.init.info_0007#}', '2', '2016-06-08', '', '', '', '', '', '');

insert into tb_wsm_info_news (INFOID, TITLE, SUBTILE, INTRODUCTION, KEYWORD, CONTENTS, DRAFTOR, CREATETIME, MODIFIER, MODIFYTIME, APPROVER, APPROVETIME, ISVALIDATE, INDEXPIC)
values (5, '{$mydbc.system.init.info_0008#}', '', '{$mydbc.system.init.info_0008#}{$mydbc.system.init.info_0008#}', '', '{$mydbc.system.init.info_0007#}', '2', '2016-06-08', '', '', '', '', '', '');

insert into tb_wsm_info_news (INFOID, TITLE, SUBTILE, INTRODUCTION, KEYWORD, CONTENTS, DRAFTOR, CREATETIME, MODIFIER, MODIFYTIME, APPROVER, APPROVETIME, ISVALIDATE, INDEXPIC)
values (10, '{$mydbc.system.init.info_0003#}', '', '{$mydbc.system.init.info_0003#}{$mydbc.system.init.info_0003#}', '', '{$mydbc.system.init.info_0007#}', '2', '2016-06-08', '', '', '', '', '', '');

insert into tb_wsm_info_news (INFOID, TITLE, SUBTILE, INTRODUCTION, KEYWORD, CONTENTS, DRAFTOR, CREATETIME, MODIFIER, MODIFYTIME, APPROVER, APPROVETIME, ISVALIDATE, INDEXPIC)
values (12, '{$mydbc.system.init.info_0002#}', '', '{$mydbc.system.init.info_0002#}{$mydbc.system.init.info_0002#}', '', '{$mydbc.system.init.info_0007#}', '2', '2016-06-08', '', '', '', '', '', '');

insert into tb_wsm_info_news (INFOID, TITLE, SUBTILE, INTRODUCTION, KEYWORD, CONTENTS, DRAFTOR, CREATETIME, MODIFIER, MODIFYTIME, APPROVER, APPROVETIME, ISVALIDATE, INDEXPIC)
values (37, '{$mydbc.system.init.info_0001#}', '', '{$mydbc.system.init.info_0001#}', '', '{$mydbc.system.init.info_0007#}', '2', '2016-06-14', '', '', '', '', '', '');

insert into tb_wsm_info_news (INFOID, TITLE, SUBTILE, INTRODUCTION, KEYWORD, CONTENTS, DRAFTOR, CREATETIME, MODIFIER, MODIFYTIME, APPROVER, APPROVETIME, ISVALIDATE, INDEXPIC)
values (38, '{$mydbc.system.init.info_0004#}', '', '{$mydbc.system.init.info_0004#}', '', '{$mydbc.system.init.info_0007#}', '2', '2016-06-14', '', '', '', '', '', '');

insert into tb_wsm_info_news (INFOID, TITLE, SUBTILE, INTRODUCTION, KEYWORD, CONTENTS, DRAFTOR, CREATETIME, MODIFIER, MODIFYTIME, APPROVER, APPROVETIME, ISVALIDATE, INDEXPIC)
values (39, '{$mydbc.system.init.info_0003#}', '', '{$mydbc.system.init.info_0003#}{$mydbc.system.init.info_0003#}', '', '{$mydbc.system.init.info_0007#}', '2', '2016-06-14', '', '', '', '', '', '');

insert into tb_wsm_info_news (INFOID, TITLE, SUBTILE, INTRODUCTION, KEYWORD, CONTENTS, DRAFTOR, CREATETIME, MODIFIER, MODIFYTIME, APPROVER, APPROVETIME, ISVALIDATE, INDEXPIC)
values (40, '{$mydbc.system.init.info_0003#}', '', '{$mydbc.system.init.info_0003#}{$mydbc.system.init.info_0003#}', '', '{$mydbc.system.init.info_0007#}', '2', '2016-06-14', '', '', '', '', '', '');

insert into tb_wsm_info_news (INFOID, TITLE, SUBTILE, INTRODUCTION, KEYWORD, CONTENTS, DRAFTOR, CREATETIME, MODIFIER, MODIFYTIME, APPROVER, APPROVETIME, ISVALIDATE, INDEXPIC)
values (41, '{$mydbc.system.init.info_0001#}', '', '{$mydbc.system.init.info_0001#}', '', '{$mydbc.system.init.info_0007#}', '2', '2016-06-14', '', '', '', '', '', '');

insert into tb_wsm_info_news (INFOID, TITLE, SUBTILE, INTRODUCTION, KEYWORD, CONTENTS, DRAFTOR, CREATETIME, MODIFIER, MODIFYTIME, APPROVER, APPROVETIME, ISVALIDATE, INDEXPIC)
values (42, '{$mydbc.system.init.info_0004#}', '', '{$mydbc.system.init.info_0004#}{$mydbc.system.init.info_0004#}', '', '{$mydbc.system.init.info_0007#}', '2', '2016-06-14', '', '', '', '', '', '');

insert into tb_wsm_info_news (INFOID, TITLE, SUBTILE, INTRODUCTION, KEYWORD, CONTENTS, DRAFTOR, CREATETIME, MODIFIER, MODIFYTIME, APPROVER, APPROVETIME, ISVALIDATE, INDEXPIC)
values (43, '{$mydbc.system.init.info_0003#}', '', '{$mydbc.system.init.info_0003#}{$mydbc.system.init.info_0003#}{$mydbc.system.init.info_0003#}', '', '{$mydbc.system.init.info_0007#}', '2', '2016-06-14', '2', '2016-06-14', '', '', '', '');

insert into tb_wsm_info_news (INFOID, TITLE, SUBTILE, INTRODUCTION, KEYWORD, CONTENTS, DRAFTOR, CREATETIME, MODIFIER, MODIFYTIME, APPROVER, APPROVETIME, ISVALIDATE, INDEXPIC)
values (9, '{$mydbc.system.init.info_0005#}', '', '{$mydbc.system.init.info_0005#}{$mydbc.system.init.info_0005#}', '', '{$mydbc.system.init.info_0007#}', '2', '2016-06-08', '', '', '', '', '', '');

insert into tb_wsm_info_news (INFOID, TITLE, SUBTILE, INTRODUCTION, KEYWORD, CONTENTS, DRAFTOR, CREATETIME, MODIFIER, MODIFYTIME, APPROVER, APPROVETIME, ISVALIDATE, INDEXPIC)
values (11, '{$mydbc.system.init.info_0001#}', '', '{$mydbc.system.init.info_0001#}{$mydbc.system.init.info_0001#}', '', '{$mydbc.system.init.info_0007#}', '2', '2016-06-08', '', '', '', '', '', '');

insert into tb_wsm_info_news (INFOID, TITLE, SUBTILE, INTRODUCTION, KEYWORD, CONTENTS, DRAFTOR, CREATETIME, MODIFIER, MODIFYTIME, APPROVER, APPROVETIME, ISVALIDATE, INDEXPIC)
values (2, '{$mydbc.system.init.info_0003#}', '', '{$mydbc.system.init.info_0003#}{$mydbc.system.init.info_0003#}', '', '{$mydbc.system.init.info_0007#}', '2', '2016-06-08', '', '', '', '', '', '');

insert into tb_wsm_info_news (INFOID, TITLE, SUBTILE, INTRODUCTION, KEYWORD, CONTENTS, DRAFTOR, CREATETIME, MODIFIER, MODIFYTIME, APPROVER, APPROVETIME, ISVALIDATE, INDEXPIC)
values (32, '{$mydbc.system.init.info_0003#}', '', '{$mydbc.system.init.info_0003#}{$mydbc.system.init.info_0003#}', '', '{$mydbc.system.init.info_0007#}', '2', '2016-06-14', '', '', '', '', '', '');

insert into tb_wsm_info_news (INFOID, TITLE, SUBTILE, INTRODUCTION, KEYWORD, CONTENTS, DRAFTOR, CREATETIME, MODIFIER, MODIFYTIME, APPROVER, APPROVETIME, ISVALIDATE, INDEXPIC)
values (33, '{$mydbc.system.init.info_0001#}', '', '{$mydbc.system.init.info_0001#}{$mydbc.system.init.info_0001#}{$mydbc.system.init.info_0001#}', '', '{$mydbc.system.init.info_0007#}', '2', '2016-06-14', '', '', '', '', '', '');

insert into tb_wsm_info_news (INFOID, TITLE, SUBTILE, INTRODUCTION, KEYWORD, CONTENTS, DRAFTOR, CREATETIME, MODIFIER, MODIFYTIME, APPROVER, APPROVETIME, ISVALIDATE, INDEXPIC)
values (34, '{$mydbc.system.init.info_0002#}', '', '{$mydbc.system.init.info_0002#}', '', '{$mydbc.system.init.info_0007#}', '2', '2016-06-14', '', '', '', '', '', '');

insert into tb_wsm_info_news (INFOID, TITLE, SUBTILE, INTRODUCTION, KEYWORD, CONTENTS, DRAFTOR, CREATETIME, MODIFIER, MODIFYTIME, APPROVER, APPROVETIME, ISVALIDATE, INDEXPIC)
values (6, '{$mydbc.system.init.info_0006#}', '', '{$mydbc.system.init.info_0006#}', '', '{$mydbc.system.init.info_0007#}', '2', '2016-06-08', '', '', '', '', '', '');

insert into tb_wsm_info_news (INFOID, TITLE, SUBTILE, INTRODUCTION, KEYWORD, CONTENTS, DRAFTOR, CREATETIME, MODIFIER, MODIFYTIME, APPROVER, APPROVETIME, ISVALIDATE, INDEXPIC)
values (7, '{$mydbc.system.init.info_0001#}', '', '{$mydbc.system.init.info_0001#}', '', '{$mydbc.system.init.info_0007#}', '2', '2016-06-08', '', '', '', '', '', '');

insert into tb_wsm_info_news (INFOID, TITLE, SUBTILE, INTRODUCTION, KEYWORD, CONTENTS, DRAFTOR, CREATETIME, MODIFIER, MODIFYTIME, APPROVER, APPROVETIME, ISVALIDATE, INDEXPIC)
values (8, '{$mydbc.system.init.info_0002#}', '', '{$mydbc.system.init.info_0002#}{$mydbc.system.init.info_0002#}', '', '{$mydbc.system.init.info_0007#}', '2', '2016-06-08', '', '', '', '', '', '');

--##tb_wsm_info_ref
insert into tb_wsm_info_ref (INFOID, REFLINK, REFDESC, CREATOR, CREATETIME, MODIFIER, MODIFYTIME, ISVALIDATE, REFNAME)
values (13, '../specify/access_record.jsp', '', '2', '2016-06-08 22:07:12', '2', '2016-06-08 22:07:12', 1, '{$mydbc.system.init.info_0009#}');

--##tb_wsm_info_web
insert into tb_wsm_info_web (INFOID, WEBNAME, WEBCONTENT, WEBDESC, CREATOR, CREATETIME, MODIFIER, MODIFYTIME, ISVALIDATE)
values (31, '{$mydbc.system.init.info_0010#}', '<body style="line-height:30px;font-family:宋体;font-size:14px;"><p><iframe allowtransparency="true" frameborder="0" height="175" hspace="0" marginheight="0" marginwidth="0" onload="" scrolling="no" src="../specify/my_email.jsp" style="height:175px;width:100%;" vspace="0" width="100"></iframe></p></body></html>', '', '2', '2016-06-14 00:52:25', '2', '2016-06-14 00:52:25', 1);

insert into tb_wsm_info_web (INFOID, WEBNAME, WEBCONTENT, WEBDESC, CREATOR, CREATETIME, MODIFIER, MODIFYTIME, ISVALIDATE)
values (14, '{$mydbc.system.init.info_0011#}', '<body style="line-height:30px;font-family:宋体;font-size:14px;"><p><iframe allowtransparency="true" frameborder="0" height="265" hspace="0" marginheight="0" marginwidth="0" onload="" scrolling="no" src="../specify/i_do_business.jsp" style="height:265px;width:100%;" vspace="0" width="100"></iframe></p></body>', '', '2', '2016-06-13 16:27:25', '2', '2016-06-13 16:27:25', 1);

insert into tb_wsm_info_web (INFOID, WEBNAME, WEBCONTENT, WEBDESC, CREATOR, CREATETIME, MODIFIER, MODIFYTIME, ISVALIDATE)
values (15, '{$mydbc.system.init.info_0012#}', '<body style="line-height:30px;font-family:宋体;font-size:14px;">	<p><iframe allowtransparency="true" frameborder="0" height="265" hspace="0" marginheight="0" marginwidth="0" onload="" scrolling="no" src="../specify/to_remain.jsp" style="height:265px;width:100%;" vspace="0" width="100"></iframe></p></body>', '', '2', '2016-06-13 16:47:07', '2', '2016-06-13 16:47:07', 1);

--##tb_wsm_link_type
insert into tb_wsm_link_type (LINKTYPEID, SYSID, LINKTYPENAME, LINKTYPEDESC, ISVALIDATE)
values (1, 2, '{$mydbc.system.init.info_0013#}', '{$mydbc.system.init.info_0013#}', 1);

insert into tb_wsm_link_type (LINKTYPEID, SYSID, LINKTYPENAME, LINKTYPEDESC, ISVALIDATE)
values (2, 2, '{$mydbc.system.init.info_0014#}', '{$mydbc.system.init.info_0014#}', 1);

--##tb_wsm_link_group
insert into tb_wsm_link_group (LINKGROUPID, LINKTYPEID, SYSID, LINKGROUPNAME, LINKGROUPDESC, SHOWGROUPNAME, SHOWORDER, ISVALIDATE)
values (1, 1, 2, '{$mydbc.system.init.info_0015#}', '{$mydbc.system.init.info_0015#}', 1, 1, 1);

insert into tb_wsm_link_group (LINKGROUPID, LINKTYPEID, SYSID, LINKGROUPNAME, LINKGROUPDESC, SHOWGROUPNAME, SHOWORDER, ISVALIDATE)
values (2, 2, 2, '{$mydbc.system.init.info_0016#}', '{$mydbc.system.init.info_0016#}', 1, 1, 1);

insert into tb_wsm_link_group (LINKGROUPID, LINKTYPEID, SYSID, LINKGROUPNAME, LINKGROUPDESC, SHOWGROUPNAME, SHOWORDER, ISVALIDATE)
values (3, 2, 2, '{$mydbc.system.init.info_0017#}', '{$mydbc.system.init.info_0017#}', 1, 2, 1);

--##tb_wsm_link
insert into tb_wsm_link (LINKID, LINKGROUPID, LINKTYPEID, LINKNAME, LINKTITLE, LINKADDR, LINKDESC, LINKICONPATH, LINKICONWIDTH, LINKICONHEIGHT, LINKICONADDR, SHOWCONTENTS, CONTENTS, PUBLISHER, PUBLISHDATETIME, DRAFTER, DRAFDATETIME, SHOWLINKICON, SHOWORDER, ISSEE, ISCLICK, ISVALIDATE)
values (16, 1, 1, '{$mydbc.system.init.info_0018#}', '{$mydbc.system.init.info_0018#}', 'http://www.google.com', '{$mydbc.system.init.info_0018#}', 'simpleupload/$[mysystmpl]/pulgins/linkpic/s_icon1.png', 48, 48, 'http://www.google.com', 1, '', '', '2016-06-13', '', '2016-06-13', 1, 1, 1, 1, 1);

insert into tb_wsm_link (LINKID, LINKGROUPID, LINKTYPEID, LINKNAME, LINKTITLE, LINKADDR, LINKDESC, LINKICONPATH, LINKICONWIDTH, LINKICONHEIGHT, LINKICONADDR, SHOWCONTENTS, CONTENTS, PUBLISHER, PUBLISHDATETIME, DRAFTER, DRAFDATETIME, SHOWLINKICON, SHOWORDER, ISSEE, ISCLICK, ISVALIDATE)
values (17, 1, 1, '{$mydbc.system.init.info_0019#}', '{$mydbc.system.init.info_0019#}', 'http://www.google.com', '{$mydbc.system.init.info_0019#}', 'simpleupload/$[mysystmpl]/pulgins/linkpic/s_icon2.png', 48, 48, 'http://www.google.com', 1, '', '', '2016-06-13', '', '2016-06-13', 1, 2, 1, 1, 1);

insert into tb_wsm_link (LINKID, LINKGROUPID, LINKTYPEID, LINKNAME, LINKTITLE, LINKADDR, LINKDESC, LINKICONPATH, LINKICONWIDTH, LINKICONHEIGHT, LINKICONADDR, SHOWCONTENTS, CONTENTS, PUBLISHER, PUBLISHDATETIME, DRAFTER, DRAFDATETIME, SHOWLINKICON, SHOWORDER, ISSEE, ISCLICK, ISVALIDATE)
values (18, 1, 1, '{$mydbc.system.init.info_0020#}', '{$mydbc.system.init.info_0020#}', 'http://www.google.com', '{$mydbc.system.init.info_0020#}', 'simpleupload/$[mysystmpl]/pulgins/linkpic/s_icon3.png', 48, 48, 'http://www.google.com', 1, '', '', '2016-06-13', '', '2016-06-13', 1, 3, 1, 1, 1);

insert into tb_wsm_link (LINKID, LINKGROUPID, LINKTYPEID, LINKNAME, LINKTITLE, LINKADDR, LINKDESC, LINKICONPATH, LINKICONWIDTH, LINKICONHEIGHT, LINKICONADDR, SHOWCONTENTS, CONTENTS, PUBLISHER, PUBLISHDATETIME, DRAFTER, DRAFDATETIME, SHOWLINKICON, SHOWORDER, ISSEE, ISCLICK, ISVALIDATE)
values (19, 1, 1, '{$mydbc.system.init.info_0021#}', '{$mydbc.system.init.info_0021#}', 'http://www.google.com', '{$mydbc.system.init.info_0021#}', 'simpleupload/$[mysystmpl]/pulgins/linkpic/s_icon4.png', 48, 48, 'http://www.google.com', 1, '', '', '2016-06-13', '', '2016-06-13', 1, 4, 1, 1, 1);

insert into tb_wsm_link (LINKID, LINKGROUPID, LINKTYPEID, LINKNAME, LINKTITLE, LINKADDR, LINKDESC, LINKICONPATH, LINKICONWIDTH, LINKICONHEIGHT, LINKICONADDR, SHOWCONTENTS, CONTENTS, PUBLISHER, PUBLISHDATETIME, DRAFTER, DRAFDATETIME, SHOWLINKICON, SHOWORDER, ISSEE, ISCLICK, ISVALIDATE)
values (20, 1, 1, '{$mydbc.system.init.info_0022#}', '{$mydbc.system.init.info_0022#}', 'http://www.google.com', '{$mydbc.system.init.info_0022#}', 'simpleupload/$[mysystmpl]/pulgins/linkpic/s_icon5.png', 48, 48, 'http://www.google.com', 1, '', '', '2016-06-13', '', '2016-06-13', 1, 5, 1, 1, 1);

insert into tb_wsm_link (LINKID, LINKGROUPID, LINKTYPEID, LINKNAME, LINKTITLE, LINKADDR, LINKDESC, LINKICONPATH, LINKICONWIDTH, LINKICONHEIGHT, LINKICONADDR, SHOWCONTENTS, CONTENTS, PUBLISHER, PUBLISHDATETIME, DRAFTER, DRAFDATETIME, SHOWLINKICON, SHOWORDER, ISSEE, ISCLICK, ISVALIDATE)
values (21, 1, 1, '{$mydbc.system.init.info_0023#}', '{$mydbc.system.init.info_0023#}', 'http://www.google.com', '{$mydbc.system.init.info_0023#}', 'simpleupload/$[mysystmpl]/pulgins/linkpic/s_icon6.png', 48, 48, 'http://www.google.com', 1, '', '', '2016-06-13', '', '2016-06-13', 1, 6, 1, 1, 1);

insert into tb_wsm_link (LINKID, LINKGROUPID, LINKTYPEID, LINKNAME, LINKTITLE, LINKADDR, LINKDESC, LINKICONPATH, LINKICONWIDTH, LINKICONHEIGHT, LINKICONADDR, SHOWCONTENTS, CONTENTS, PUBLISHER, PUBLISHDATETIME, DRAFTER, DRAFDATETIME, SHOWLINKICON, SHOWORDER, ISSEE, ISCLICK, ISVALIDATE)
values (22, 1, 1, '{$mydbc.system.init.info_0024#}', '{$mydbc.system.init.info_0024#}', 'http://www.google.com', '{$mydbc.system.init.info_0024#}', 'simpleupload/$[mysystmpl]/pulgins/linkpic/s_icon7.png', 48, 48, 'http://www.google.com', 1, '', '', '2016-06-13', '', '2016-06-13', 1, 7, 1, 1, 1);

insert into tb_wsm_link (LINKID, LINKGROUPID, LINKTYPEID, LINKNAME, LINKTITLE, LINKADDR, LINKDESC, LINKICONPATH, LINKICONWIDTH, LINKICONHEIGHT, LINKICONADDR, SHOWCONTENTS, CONTENTS, PUBLISHER, PUBLISHDATETIME, DRAFTER, DRAFDATETIME, SHOWLINKICON, SHOWORDER, ISSEE, ISCLICK, ISVALIDATE)
values (23, 1, 1, '{$mydbc.system.init.info_0025#}', '{$mydbc.system.init.info_0025#}', 'http://www.google.com', '{$mydbc.system.init.info_0025#}', 'simpleupload/$[mysystmpl]/pulgins/linkpic/s_icon8.png', 48, 48, 'http://www.google.com', 1, '', '', '2016-06-13', '', '2016-06-13', 1, 8, 1, 1, 1);

insert into tb_wsm_link (LINKID, LINKGROUPID, LINKTYPEID, LINKNAME, LINKTITLE, LINKADDR, LINKDESC, LINKICONPATH, LINKICONWIDTH, LINKICONHEIGHT, LINKICONADDR, SHOWCONTENTS, CONTENTS, PUBLISHER, PUBLISHDATETIME, DRAFTER, DRAFDATETIME, SHOWLINKICON, SHOWORDER, ISSEE, ISCLICK, ISVALIDATE)
values (24, 1, 1, '{$mydbc.system.init.info_0026#}', '{$mydbc.system.init.info_0026#}', 'http://www.google.com', '{$mydbc.system.init.info_0026#}', 'simpleupload/$[mysystmpl]/pulgins/linkpic/s_icon9.png', 48, 48, 'http://www.google.com', 1, '', '', '2016-06-13', '', '2016-06-13', 1, 9, 1, 1, 1);

insert into tb_wsm_link (LINKID, LINKGROUPID, LINKTYPEID, LINKNAME, LINKTITLE, LINKADDR, LINKDESC, LINKICONPATH, LINKICONWIDTH, LINKICONHEIGHT, LINKICONADDR, SHOWCONTENTS, CONTENTS, PUBLISHER, PUBLISHDATETIME, DRAFTER, DRAFDATETIME, SHOWLINKICON, SHOWORDER, ISSEE, ISCLICK, ISVALIDATE)
values (25, 2, 2, '{$mydbc.system.init.info_0027#}', '{$mydbc.system.init.info_0027#}', 'http://www.google.com', '{$mydbc.system.init.info_0027#}', 'simpleupload/$[mysystmpl]/pulgins/linkpic/s_icon1.png', 32, 32, 'http://www.google.com', 1, '', '', '2016-06-13', '', '2016-06-13', 1, 1, 1, 1, 1);

insert into tb_wsm_link (LINKID, LINKGROUPID, LINKTYPEID, LINKNAME, LINKTITLE, LINKADDR, LINKDESC, LINKICONPATH, LINKICONWIDTH, LINKICONHEIGHT, LINKICONADDR, SHOWCONTENTS, CONTENTS, PUBLISHER, PUBLISHDATETIME, DRAFTER, DRAFDATETIME, SHOWLINKICON, SHOWORDER, ISSEE, ISCLICK, ISVALIDATE)
values (26, 2, 2, '{$mydbc.system.init.info_0028#}', '{$mydbc.system.init.info_0028#}', 'http://www.google.com', '{$mydbc.system.init.info_0028#}', 'simpleupload/$[mysystmpl]/pulgins/linkpic/s_icon1.png', 32, 32, 'http://www.google.com', 1, '', '', '2016-06-13', '', '2016-06-13', 1, 2, 1, 1, 1);

insert into tb_wsm_link (LINKID, LINKGROUPID, LINKTYPEID, LINKNAME, LINKTITLE, LINKADDR, LINKDESC, LINKICONPATH, LINKICONWIDTH, LINKICONHEIGHT, LINKICONADDR, SHOWCONTENTS, CONTENTS, PUBLISHER, PUBLISHDATETIME, DRAFTER, DRAFDATETIME, SHOWLINKICON, SHOWORDER, ISSEE, ISCLICK, ISVALIDATE)
values (27, 2, 2, '{$mydbc.system.init.info_0029#}', '{$mydbc.system.init.info_0029#}', 'http://www.google.com', '{$mydbc.system.init.info_0029#}', 'simpleupload/$[mysystmpl]/pulgins/linkpic/s_icon1.png', 32, 32, 'http://www.google.com', 1, '', '', '2016-06-13', '', '2016-06-13', 1, 3, 1, 1, 1);

insert into tb_wsm_link (LINKID, LINKGROUPID, LINKTYPEID, LINKNAME, LINKTITLE, LINKADDR, LINKDESC, LINKICONPATH, LINKICONWIDTH, LINKICONHEIGHT, LINKICONADDR, SHOWCONTENTS, CONTENTS, PUBLISHER, PUBLISHDATETIME, DRAFTER, DRAFDATETIME, SHOWLINKICON, SHOWORDER, ISSEE, ISCLICK, ISVALIDATE)
values (28, 3, 2, '{$mydbc.system.init.info_0030#}', '{$mydbc.system.init.info_0030#}', 'http://www.google.com', '{$mydbc.system.init.info_0030#}', 'simpleupload/$[mysystmpl]/pulgins/linkpic/s_icon1.png', 32, 32, 'http://www.google.com', 1, '', '', '2016-06-13', '', '2016-06-13', 1, 4, 1, 1, 1);

insert into tb_wsm_link (LINKID, LINKGROUPID, LINKTYPEID, LINKNAME, LINKTITLE, LINKADDR, LINKDESC, LINKICONPATH, LINKICONWIDTH, LINKICONHEIGHT, LINKICONADDR, SHOWCONTENTS, CONTENTS, PUBLISHER, PUBLISHDATETIME, DRAFTER, DRAFDATETIME, SHOWLINKICON, SHOWORDER, ISSEE, ISCLICK, ISVALIDATE)
values (29, 3, 2, '{$mydbc.system.init.info_0031#}', '{$mydbc.system.init.info_0031#}', 'http://www.google.com', '{$mydbc.system.init.info_0031#}', 'simpleupload/$[mysystmpl]/pulgins/linkpic/s_icon1.png', 32, 32, 'http://www.google.com', 1, '', '', '2016-06-13', '', '2016-06-13', 1, 5, 1, 1, 1);

insert into tb_wsm_link (LINKID, LINKGROUPID, LINKTYPEID, LINKNAME, LINKTITLE, LINKADDR, LINKDESC, LINKICONPATH, LINKICONWIDTH, LINKICONHEIGHT, LINKICONADDR, SHOWCONTENTS, CONTENTS, PUBLISHER, PUBLISHDATETIME, DRAFTER, DRAFDATETIME, SHOWLINKICON, SHOWORDER, ISSEE, ISCLICK, ISVALIDATE)
values (30, 3, 2, '{$mydbc.system.init.info_0032#}', '{$mydbc.system.init.info_0032#}', 'http://www.google.com', '{$mydbc.system.init.info_0032#}', 'simpleupload/$[mysystmpl]/pulgins/linkpic/s_icon1.png', 32, 32, 'http://www.google.com', 1, '', '', '2016-06-13', '', '2016-06-13', 1, 6, 1, 1, 1);

--##tb_wsm_info_column
insert into tb_wsm_info_column (COLUMNID, INFOID, ISVALIDATE, ISRECOMMEND, ISTOP, APPROVESTATUS)
values (2, 1, 1, 0, 0, 1);

insert into tb_wsm_info_column (COLUMNID, INFOID, ISVALIDATE, ISRECOMMEND, ISTOP, APPROVESTATUS)
values (2, 2, 1, 0, 0, 1);

insert into tb_wsm_info_column (COLUMNID, INFOID, ISVALIDATE, ISRECOMMEND, ISTOP, APPROVESTATUS)
values (2, 3, 1, 0, 0, 1);

insert into tb_wsm_info_column (COLUMNID, INFOID, ISVALIDATE, ISRECOMMEND, ISTOP, APPROVESTATUS)
values (2, 4, 1, 0, 0, 1);

insert into tb_wsm_info_column (COLUMNID, INFOID, ISVALIDATE, ISRECOMMEND, ISTOP, APPROVESTATUS)
values (6, 5, 1, 0, 0, 1);

insert into tb_wsm_info_column (COLUMNID, INFOID, ISVALIDATE, ISRECOMMEND, ISTOP, APPROVESTATUS)
values (6, 6, 1, 0, 0, 1);

insert into tb_wsm_info_column (COLUMNID, INFOID, ISVALIDATE, ISRECOMMEND, ISTOP, APPROVESTATUS)
values (6, 7, 1, 0, 0, 1);

insert into tb_wsm_info_column (COLUMNID, INFOID, ISVALIDATE, ISRECOMMEND, ISTOP, APPROVESTATUS)
values (6, 8, 1, 0, 0, 1);

insert into tb_wsm_info_column (COLUMNID, INFOID, ISVALIDATE, ISRECOMMEND, ISTOP, APPROVESTATUS)
values (4, 9, 1, 0, 0, 1);

insert into tb_wsm_info_column (COLUMNID, INFOID, ISVALIDATE, ISRECOMMEND, ISTOP, APPROVESTATUS)
values (4, 10, 1, 0, 0, 1);

insert into tb_wsm_info_column (COLUMNID, INFOID, ISVALIDATE, ISRECOMMEND, ISTOP, APPROVESTATUS)
values (4, 11, 1, 0, 0, 1);

insert into tb_wsm_info_column (COLUMNID, INFOID, ISVALIDATE, ISRECOMMEND, ISTOP, APPROVESTATUS)
values (4, 12, 1, 0, 0, 1);

insert into tb_wsm_info_column (COLUMNID, INFOID, ISVALIDATE, ISRECOMMEND, ISTOP, APPROVESTATUS)
values (1, 13, 1, 0, 0, 1);

insert into tb_wsm_info_column (COLUMNID, INFOID, ISVALIDATE, ISRECOMMEND, ISTOP, APPROVESTATUS)
values (3, 14, 1, 0, 0, 1);

insert into tb_wsm_info_column (COLUMNID, INFOID, ISVALIDATE, ISRECOMMEND, ISTOP, APPROVESTATUS)
values (5, 15, 1, 0, 0, 1);

insert into tb_wsm_info_column (COLUMNID, INFOID, ISVALIDATE, ISRECOMMEND, ISTOP, APPROVESTATUS)
values (7, 16, 1, 0, 0, 0);

insert into tb_wsm_info_column (COLUMNID, INFOID, ISVALIDATE, ISRECOMMEND, ISTOP, APPROVESTATUS)
values (7, 17, 1, 0, 0, 0);

insert into tb_wsm_info_column (COLUMNID, INFOID, ISVALIDATE, ISRECOMMEND, ISTOP, APPROVESTATUS)
values (7, 18, 1, 0, 0, 0);

insert into tb_wsm_info_column (COLUMNID, INFOID, ISVALIDATE, ISRECOMMEND, ISTOP, APPROVESTATUS)
values (7, 19, 1, 0, 0, 0);

insert into tb_wsm_info_column (COLUMNID, INFOID, ISVALIDATE, ISRECOMMEND, ISTOP, APPROVESTATUS)
values (7, 20, 1, 0, 0, 0);

insert into tb_wsm_info_column (COLUMNID, INFOID, ISVALIDATE, ISRECOMMEND, ISTOP, APPROVESTATUS)
values (7, 21, 1, 0, 0, 0);

insert into tb_wsm_info_column (COLUMNID, INFOID, ISVALIDATE, ISRECOMMEND, ISTOP, APPROVESTATUS)
values (7, 22, 1, 0, 0, 0);

insert into tb_wsm_info_column (COLUMNID, INFOID, ISVALIDATE, ISRECOMMEND, ISTOP, APPROVESTATUS)
values (7, 23, 1, 0, 0, 0);

insert into tb_wsm_info_column (COLUMNID, INFOID, ISVALIDATE, ISRECOMMEND, ISTOP, APPROVESTATUS)
values (7, 24, 1, 0, 0, 0);

insert into tb_wsm_info_column (COLUMNID, INFOID, ISVALIDATE, ISRECOMMEND, ISTOP, APPROVESTATUS)
values (9, 25, 1, 0, 0, 0);

insert into tb_wsm_info_column (COLUMNID, INFOID, ISVALIDATE, ISRECOMMEND, ISTOP, APPROVESTATUS)
values (9, 26, 1, 0, 0, 0);

insert into tb_wsm_info_column (COLUMNID, INFOID, ISVALIDATE, ISRECOMMEND, ISTOP, APPROVESTATUS)
values (9, 27, 1, 0, 0, 0);

insert into tb_wsm_info_column (COLUMNID, INFOID, ISVALIDATE, ISRECOMMEND, ISTOP, APPROVESTATUS)
values (9, 28, 1, 0, 0, 0);

insert into tb_wsm_info_column (COLUMNID, INFOID, ISVALIDATE, ISRECOMMEND, ISTOP, APPROVESTATUS)
values (9, 29, 1, 0, 0, 0);

insert into tb_wsm_info_column (COLUMNID, INFOID, ISVALIDATE, ISRECOMMEND, ISTOP, APPROVESTATUS)
values (9, 30, 1, 0, 0, 0);

insert into tb_wsm_info_column (COLUMNID, INFOID, ISVALIDATE, ISRECOMMEND, ISTOP, APPROVESTATUS)
values (8, 31, 1, 0, 0, 1);

insert into tb_wsm_info_column (COLUMNID, INFOID, ISVALIDATE, ISRECOMMEND, ISTOP, APPROVESTATUS)
values (2, 32, 1, 0, 0, 1);

insert into tb_wsm_info_column (COLUMNID, INFOID, ISVALIDATE, ISRECOMMEND, ISTOP, APPROVESTATUS)
values (2, 33, 1, 0, 0, 1);

insert into tb_wsm_info_column (COLUMNID, INFOID, ISVALIDATE, ISRECOMMEND, ISTOP, APPROVESTATUS)
values (2, 34, 1, 0, 0, 1);

insert into tb_wsm_info_column (COLUMNID, INFOID, ISVALIDATE, ISRECOMMEND, ISTOP, APPROVESTATUS)
values (2, 35, 1, 0, 0, 1);

insert into tb_wsm_info_column (COLUMNID, INFOID, ISVALIDATE, ISRECOMMEND, ISTOP, APPROVESTATUS)
values (6, 36, 1, 0, 0, 1);

insert into tb_wsm_info_column (COLUMNID, INFOID, ISVALIDATE, ISRECOMMEND, ISTOP, APPROVESTATUS)
values (6, 37, 1, 0, 0, 1);

insert into tb_wsm_info_column (COLUMNID, INFOID, ISVALIDATE, ISRECOMMEND, ISTOP, APPROVESTATUS)
values (6, 38, 1, 0, 0, 1);

insert into tb_wsm_info_column (COLUMNID, INFOID, ISVALIDATE, ISRECOMMEND, ISTOP, APPROVESTATUS)
values (6, 39, 1, 0, 0, 1);

insert into tb_wsm_info_column (COLUMNID, INFOID, ISVALIDATE, ISRECOMMEND, ISTOP, APPROVESTATUS)
values (4, 40, 1, 0, 0, 1);

insert into tb_wsm_info_column (COLUMNID, INFOID, ISVALIDATE, ISRECOMMEND, ISTOP, APPROVESTATUS)
values (4, 41, 1, 0, 0, 1);

insert into tb_wsm_info_column (COLUMNID, INFOID, ISVALIDATE, ISRECOMMEND, ISTOP, APPROVESTATUS)
values (4, 42, 1, 0, 0, 1);

insert into tb_wsm_info_column (COLUMNID, INFOID, ISVALIDATE, ISRECOMMEND, ISTOP, APPROVESTATUS)
values (4, 43, 1, 0, 0, 1);

